[{
    "id": 1,
    "nombre": "Cartón Post consumo",
    "descripcion":"El cartón post consumo es un material formado por varias capas de papel superpuestas, a base de fibra virgen o de papel reciclado. El post consumo es una estrategia ambiental de largo plazo, orientada a que algunos residuos de consumo masivo, sean separados desde la fuente de los demás residuos y sean manejados de forma adecuada, promoviendo su recuperación o reciclaje.", 
    "imagen": "../cosas/imagenes/fardo2.jpeg",
    "precio": "3100000",
    "cantidad": 0
  },
  {
    "id": 2,
    "nombre": "Papel Blanco",
    "descripcion":"El papel blanco está hecho de una fina lámina fabricada a partir de pulpa de celulosa, que es una pasta de fibras vegetales molidas y suspendidas en agua, normalmente esta queda de color blanco y por último se seca para que se endurezca.", 
    "imagen": "../cosas/imagenes/carton1.jpeg",
    "precio": "1100000",
    "cantidad": 0
  },
  {
    "id": 3,
    "nombre": "Papel Diario",
    "descripcion":"Este es el tipo de papel utilizado para la impresión de periódicos.", 
    "imagen": "../cosas/imagenes/carton2.jpeg",
    "precio": "1000000",
    "cantidad": 0
  },
  {
    "id": 4,
    "nombre": "Papel Segunda",
    "descripcion":"El papel denominado segunda es el que llega mezclado con los rezagos de cartón y se separa del mismo, para luego utilizarlo en el reciclado de otro tipo de papel.", 
    "imagen": "../cosas/imagenes/carton4.jpeg",
    "precio": "1000000",
    "cantidad": 0
  }]